ID,Name
01544fd12f414dadbc9bce3599e03c0b,Michael O'Hara
2841805d6e4f44b1814aa495dc2150c1,BusterMumbles
467b385bee164547a603d728685f182f,Ben Campbell
62a98fc6d1b84e52b5f885d92cb59725,Girvan Burnside
6decab82ff3a437a886aa3d9a5999e5d,Rocket From The Chris
70680d7a6f5f4687aa4728432f155eef,Jen Langley
86c3935108da4e26bfb2081392ed35c5,Mike Sproge
8a006758b7e4400d94f2eb943efee15c,Neil Jones
8e90755452724b16bc0423f737beaccd,Michael Barry
920d59fe89434c9a9255c64fa8265e5a,transmission11k
a28a4930e9644a559d47cb1459c2c0a3,David Z
d0b05394a4f7482b95d5e0aeecbaa33a,Julie
d0cb0402be7f47c9914e8de02f509f7a,Caroline Rouwalk
de4eea8c425949deaa2c55f0c21ccd7d,Sparkle Motion
eda607c11bad4f2087be16a53e4d90b5,Tony Heywood
f269e66e73e246549e5c314009da035e,Alister Shew
fb5929c39fbe403dbcebeb3329942390,Lasse Grosbøl
